Date,Error
2014-01-01,0
2014-01-02,14
2014-01-03,112
2014-01-04,0
2014-01-05,0
2014-01-06,58
2014-01-07,29
2014-01-08,22
2014-01-09,21
2014-01-10,35
2014-01-11,0
2014-01-12,0
2014-01-13,42
2014-01-14,13
2014-01-15,30
2014-01-16,40
2014-01-17,3
2014-01-18,0
2014-01-19,0
2014-01-20,41
2014-01-21,16
2014-01-22,44
2014-01-23,84
2014-01-24,97
2014-01-25,27
2014-01-26,65
2014-01-27,87
2014-01-28,24
2014-01-29,21
2014-01-30,9
2014-01-31,4
2014-02-01,7
2014-02-02,0
2014-02-03,8
2014-02-04,27
2014-02-05,36
2014-02-06,27
2014-02-07,46
2014-02-08,35
2014-02-09,13
2014-02-10,41
2014-02-11,13
2014-02-12,0
2014-02-13,0
2014-02-14,0
2014-02-15,0
2014-02-16,0
2014-02-17,0
2014-02-18,1
2014-02-19,10
2014-02-20,13
2014-02-21,65
2014-02-22,0
2014-02-23,0
2014-02-24,13
2014-02-25,0
2014-02-26,34
2014-02-27,36
2014-02-28,48
2014-03-01,71
2014-03-02,128
2014-03-03,83
2014-03-04,104
2014-03-05,66
2014-03-06,37
2014-03-07,128
2014-03-08,87
2014-03-09,136
2014-03-10,64
2014-03-11,138
2014-03-12,43
2014-03-13,60
2014-03-14,87
2014-03-15,56
2014-03-16,34
2014-03-17,38
2014-03-18,56
2014-03-19,49
2014-03-20,54
2014-03-21,43
2014-03-22,45
2014-03-23,72
2014-03-24,52
2014-03-25,39
2014-03-26,23
2014-03-27,33
2014-03-28,68
2014-03-29,49
2014-03-30,33
2014-03-31,43
2014-04-01,32
2014-04-02,59
2014-04-03,37
2014-04-04,45
2014-04-05,72
2014-04-06,84
2014-04-07,28
2014-04-08,67
2014-04-09,85
2014-04-10,47
2014-04-11,65
2014-04-12,43
2014-04-13,44
2014-04-14,66
2014-04-15,62
2014-04-16,42
2014-04-17,52
2014-04-18,74
2014-04-19,46
2014-04-20,123
2014-04-21,43
2014-04-22,65
2014-04-23,35
2014-04-24,41
2014-04-25,88
2014-04-26,68
2014-04-27,53
2014-04-28,40
2014-04-29,29
2014-04-30,44
2014-05-01,40
2014-05-02,93
2014-05-03,74
2014-05-04,48
2014-05-05,36
2014-05-06,32
2014-05-07,57
2014-05-08,56
2014-05-09,108
2014-05-10,56
2014-05-11,58
2014-05-12,34
2014-05-13,43
2014-05-14,94
2014-05-15,47
2014-05-16,29
2014-05-17,57
2014-05-18,56
2014-05-19,48
2014-05-20,88
2014-05-21,65
2014-05-22,64
2014-05-23,77
2014-05-24,140
2014-05-25,35
2014-05-26,37
2014-05-27,61
2014-05-28,104
2014-05-29,147
2014-05-30,80
2014-05-31,83
2014-06-01,76
2014-06-02,61
2014-06-03,66
2014-06-04,39
2014-06-05,49
2014-06-06,37
2014-06-07,13
2014-06-08,30
2014-06-09,77
2014-06-10,25
2014-06-11,1
2014-06-12,158
2014-06-13,40
2014-06-14,24
2014-06-15,21
2014-06-16,22
2014-06-17,27
2014-06-18,29
2014-06-19,57
2014-06-20,86
2014-06-21,85
2014-06-22,36
2014-06-23,19
2014-06-24,35
2014-06-25,58
2014-06-26,30
2014-06-27,53
2014-06-28,18
2014-06-29,40
2014-06-30,38
2014-07-01,40
2014-07-02,32
2014-07-03,20
2014-07-04,25
2014-07-05,14
2014-07-06,21
2014-07-07,16
2014-07-08,13
2014-07-09,26
2014-07-10,37
2014-07-11,21
2014-07-12,45
2014-07-13,26
2014-07-14,25
2014-07-15,52
2014-07-16,39
2014-07-17,14
2014-07-18,19
2014-07-19,39
2014-07-20,39
2014-07-21,34
2014-07-22,33
2014-07-23,28
2014-07-24,16
2014-07-25,52
2014-07-26,32
2014-07-27,41
2014-07-28,86
2014-07-29,36
2014-07-30,32
2014-07-31,42
2014-08-01,73
2014-08-02,36
2014-08-03,40
2014-08-04,26
2014-08-05,49
2014-08-06,46
2014-08-07,43
2014-08-08,52
2014-08-09,28
2014-08-10,49
2014-08-11,56
2014-08-12,58
2014-08-13,40
2014-08-14,44
2014-08-15,52
2014-08-16,23
2014-08-17,29
2014-08-18,42
2014-08-19,33
2014-08-20,33
2014-08-21,27
2014-08-22,33
2014-08-23,31
2014-08-24,22
2014-08-25,93
2014-08-26,52
2014-08-27,36
2014-08-28,86
2014-08-29,46
2014-08-30,21
2014-08-31,41
2014-09-01,45
2014-09-02,53
2014-09-03,84
2014-09-04,38
2014-09-05,19
2014-09-06,18
2014-09-07,21
2014-09-08,23
2014-09-09,47
2014-09-10,67
2014-09-11,38
2014-09-12,85
2014-09-13,20
2014-09-14,18
2014-09-15,34
2014-09-16,23
2014-09-17,18
2014-09-18,26
2014-09-19,17
2014-09-20,19
2014-09-21,27
2014-09-22,20
2014-09-23,36
2014-09-24,22
2014-09-25,23
2014-09-26,63
2014-09-27,15
2014-09-28,33
2014-09-29,24
2014-09-30,30
2014-10-01,55
2014-10-02,33
2014-10-03,62
2014-10-04,15
2014-10-05,26
2014-10-06,27
2014-10-07,35
2014-10-08,34
2014-10-09,34
2014-10-10,70
2014-10-11,44
2014-10-12,35
2014-10-13,23
2014-10-14,28
2014-10-15,57
2014-10-16,37
2014-10-17,60
2014-10-18,45
2014-10-19,33
2014-10-20,56
2014-10-21,48
2014-10-22,126
2014-10-23,56
2014-10-24,29
2014-10-25,31
2014-10-26,43
2014-10-27,21
2014-10-28,20
2014-10-29,23
2014-10-30,48
2014-10-31,55
2014-11-01,32
2014-11-02,40
2014-11-03,9
2014-11-04,30
2014-11-05,55
2014-11-06,38
2014-11-07,87
2014-11-08,18
2014-11-09,47
2014-11-10,12
2014-11-11,35
2014-11-12,30
2014-11-13,29
2014-11-14,39
2014-11-15,51
2014-11-16,26
2014-11-17,48
2014-11-18,38
2014-11-19,70
2014-11-20,68
2014-11-21,38
2014-11-22,45
2014-11-23,55
2014-11-24,57
2014-11-25,46
2014-11-26,52
2014-11-27,53
2014-11-28,57
2014-11-29,52
2014-11-30,62
2014-12-01,74
2014-12-02,47
2014-12-03,26
2014-12-04,26
2014-12-05,38
2014-12-06,42
2014-12-07,38
2014-12-08,41
2014-12-09,78
2014-12-10,64
2014-12-11,48
2014-12-12,40
2014-12-13,32
2014-12-14,56
2014-12-15,61
2014-12-16,33
2014-12-17,23
2014-12-18,31
2014-12-19,42
2014-12-20,44
2014-12-21,37
2014-12-22,54
2014-12-23,67
2014-12-24,32
2014-12-25,33
2014-12-26,44
2014-12-27,49
2014-12-28,58
2014-12-29,33
2014-12-30,28
2014-12-31,36
2015-01-01,36
2015-01-02,44
2015-01-03,39
2015-01-04,56
2015-01-05,53
2015-01-06,38
2015-01-07,28
2015-01-08,35
2015-01-09,45
2015-01-10,69
2015-01-11,34
2015-01-12,64
2015-01-13,113
2015-01-14,45
2015-01-15,55
2015-01-16,78
2015-01-17,93
2015-01-18,58
2015-01-19,48
2015-01-20,60
2015-01-21,54
2015-01-22,53
2015-01-23,42
2015-01-24,70
2015-01-25,74
2015-01-26,63
2015-01-27,51
2015-01-28,73
2015-01-29,180
2015-01-30,85
2015-01-31,65
2015-02-01,51
2015-02-02,78
2015-02-03,52
2015-02-04,64
2015-02-05,71
2015-02-06,61
2015-02-07,74
2015-02-08,69
2015-02-09,58
2015-02-10,58
2015-02-11,57
2015-02-12,100
2015-02-13,104
2015-02-14,106
2015-02-15,85
2015-02-16,108
2015-02-17,102
2015-02-18,26
2015-02-19,34
2015-02-20,18
2015-02-21,26
2015-02-22,20
2015-02-23,26
2015-02-24,84
2015-02-25,68
2015-02-26,70
2015-02-27,100
2015-02-28,31
2015-03-01,64
2015-03-02,98
2015-03-03,64
2015-03-04,33
2015-03-05,41
2015-03-06,58
2015-03-07,41
2015-03-08,51
2015-03-09,62
2015-03-10,64
2015-03-11,42
2015-03-12,50
2015-03-13,54
2015-03-14,39
2015-03-15,56
2015-03-16,80
2015-03-17,66
2015-03-18,92
2015-03-19,66
2015-03-20,24
2015-03-21,27
2015-03-22,36
2015-03-23,48
2015-03-24,35
2015-03-25,52
2015-03-26,54
2015-03-27,25
2015-03-28,22
2015-03-29,49
2015-03-30,73
2015-03-31,68
2015-04-01,70
2015-04-02,70
2015-04-03,45
2015-04-04,44
2015-04-05,79
2015-04-06,66
2015-04-07,71
2015-04-08,66
2015-04-09,88
2015-04-10,106
2015-04-11,89
2015-04-12,88
2015-04-13,77
2015-04-14,47
2015-04-15,59
2015-04-16,58
2015-04-17,70
2015-04-18,51
2015-04-19,58
2015-04-20,60
2015-04-21,46
2015-04-22,39
2015-04-23,18
2015-04-24,31
2015-04-25,61
2015-04-26,67
2015-04-27,57
2015-04-28,60
2015-04-29,64
2015-04-30,47
2015-05-01,71
2015-05-02,61
2015-05-03,59
2015-05-04,39
2015-05-05,36
2015-05-06,34
2015-05-07,29
2015-05-08,22
2015-05-09,42
2015-05-10,40
2015-05-11,42
2015-05-12,39
2015-05-13,44
2015-05-14,49
2015-05-15,71
2015-05-16,59
2015-05-17,47
2015-05-18,74
2015-05-19,64
2015-05-20,46
2015-05-21,88
2015-05-22,63
2015-05-23,57
2015-05-24,66
2015-05-25,40
2015-05-26,56
2015-05-27,26
2015-05-28,25
2015-05-29,25
2015-05-30,27
2015-05-31,91
2015-06-01,24
2015-06-02,0
2015-06-03,6
2015-06-04,5
2015-06-05,30
2015-06-06,38
2015-06-07,35
2015-06-08,14
2015-06-09,15
2015-06-10,13
2015-06-11,23
2015-06-12,10
2015-06-13,2
2015-06-14,9
2015-06-15,9
2015-06-16,13
2015-06-17,30
2015-06-18,31
2015-06-19,11
2015-06-20,6
2015-06-21,30
2015-06-22,19
2015-06-23,25
2015-06-24,18
2015-06-25,14
2015-06-26,33
2015-06-27,26
2015-06-28,27
2015-06-29,16
2015-06-30,25
2015-07-01,35
2015-07-02,27
2015-07-03,28
2015-07-04,51
2015-07-05,35
2015-07-06,26
2015-07-07,28
2015-07-08,35
2015-07-09,45
2015-07-10,34
2015-07-11,23
2015-07-12,43
2015-07-13,39
2015-07-14,46
2015-07-15,57
2015-07-16,75
2015-07-17,83
2015-07-18,47
2015-07-19,30
2015-07-20,37
2015-07-21,26
2015-07-22,51
2015-07-23,72
2015-07-24,73
2015-07-25,47
2015-07-26,104
2015-07-27,30
2015-07-28,22
2015-07-29,39
2015-07-30,36
2015-07-31,43
2015-08-01,77
2015-08-02,71
2015-08-03,37
2015-08-04,52
2015-08-05,43
2015-08-06,51
2015-08-07,38
2015-08-08,44
2015-08-09,46
2015-08-10,62
2015-08-11,53
2015-08-12,45
2015-08-13,50
2015-08-14,54
2015-08-15,39
2015-08-16,35
2015-08-17,56
2015-08-18,40
2015-08-19,27
2015-08-20,36
2015-08-21,16
2015-08-22,32
2015-08-23,17
2015-08-24,19
2015-08-25,49
2015-08-26,43
2015-08-27,45
2015-08-28,55
2015-08-29,27
2015-08-30,52
2015-08-31,25
2015-09-01,54
2015-09-02,84
2015-09-03,45
2015-09-04,59
2015-09-05,48
2015-09-06,78
2015-09-07,47
2015-09-08,23
2015-09-09,46
2015-09-10,12
2015-09-11,20
2015-09-12,48
2015-09-13,37
2015-09-14,31
2015-09-15,48
2015-09-16,16
2015-09-17,13
2015-09-18,91
2015-09-19,32
2015-09-20,36
2015-09-21,15
2015-09-22,30
2015-09-23,25
2015-09-24,18
2015-09-25,32
2015-09-26,50
2015-09-27,32
2015-09-28,19
2015-09-29,34
2015-09-30,18
2015-10-01,33
2015-10-02,25
2015-10-03,54
2015-10-04,36
2015-10-05,71
2015-10-06,40
2015-10-07,51
2015-10-08,30
2015-10-09,31
2015-10-10,25
2015-10-11,48
2015-10-12,37
2015-10-13,43
2015-10-14,59
2015-10-15,67
2015-10-16,41
2015-10-17,36
2015-10-18,32
2015-10-19,28
2015-10-20,27
2015-10-21,64
2015-10-22,63
2015-10-23,108
2015-10-24,61
2015-10-25,41
2015-10-26,31
2015-10-27,18
2015-10-28,39
2015-10-29,28
2015-10-30,14
2015-10-31,33
2015-11-01,62
2015-11-02,10
2015-11-03,36
2015-11-04,27
2015-11-05,64
2015-11-06,18
2015-11-07,19
2015-11-08,22
2015-11-09,16
2015-11-10,31
2015-11-11,73
2015-11-12,54
2015-11-13,26
2015-11-14,20
2015-11-15,18
2015-11-16,66
2015-11-17,24
2015-11-18,31
2015-11-19,77
2015-11-20,52
2015-11-21,47
2015-11-22,51
2015-11-23,20
2015-11-24,29
2015-11-25,96
2015-11-26,38
2015-11-27,35
2015-11-28,53
2015-11-29,83
2015-11-30,66
2015-12-01,53
2015-12-02,35
2015-12-03,34
2015-12-04,20
2015-12-05,22
2015-12-06,14
2015-12-07,18
2015-12-08,35
2015-12-09,54
2015-12-10,26
2015-12-11,19
2015-12-12,20
2015-12-13,25
2015-12-14,19
2015-12-15,24
2015-12-16,14
2015-12-17,21
2015-12-18,41
2015-12-19,21
2015-12-20,24
2015-12-21,0
2015-12-22,0
2015-12-23,4
2015-12-24,23
2015-12-25,22
2015-12-26,31
2015-12-27,28
2015-12-28,18
2015-12-29,32
2015-12-30,38
2015-12-31,28
2016-01-01,40
2016-01-02,30
2016-01-03,32
2016-01-04,25
2016-01-05,53
2016-01-06,123
2016-01-07,32
2016-01-08,41
2016-01-09,39
2016-01-10,39
2016-01-11,38
2016-01-12,67
2016-01-13,86
2016-01-14,39
2016-01-15,39
2016-01-16,34
2016-01-17,25
2016-01-18,23
2016-01-19,33
2016-01-20,38
2016-01-21,18
2016-01-22,20
2016-01-23,39
2016-01-24,18
2016-01-25,31
2016-01-26,18
2016-01-27,32
2016-01-28,62
2016-01-29,58
2016-01-30,52
2016-01-31,34
2016-02-01,61
2016-02-02,59
2016-02-03,56
2016-02-04,59
2016-02-05,38
2016-02-06,38
2016-02-07,24
2016-02-08,21
2016-02-09,26
2016-02-10,18
2016-02-11,28
2016-02-12,50
2016-02-13,37
2016-02-14,46
2016-02-15,41
2016-02-16,42
2016-02-17,55
2016-02-18,57
2016-02-19,45
2016-02-20,82
2016-02-21,41
2016-02-22,46
2016-02-23,95
2016-02-24,66
2016-02-25,62
2016-02-26,50
2016-02-27,48
2016-02-28,54
2016-02-29,35
2016-03-01,92
2016-03-02,93
2016-03-03,26
2016-03-04,31
2016-03-05,17
2016-03-06,20
2016-03-07,22
2016-03-08,40
2016-03-09,14
2016-03-10,19
2016-03-11,29
2016-03-12,24
2016-03-13,20
2016-03-14,28
2016-03-15,29
2016-03-16,22
2016-03-17,28
2016-03-18,19
2016-03-19,26
2016-03-20,28
2016-03-21,29
2016-03-22,22
2016-03-23,16
2016-03-24,15
2016-03-25,5
2016-03-26,4
2016-03-27,6
2016-03-28,5
2016-03-29,5
2016-03-30,8
2016-03-31,8
2016-04-01,11
2016-04-02,10
2016-04-03,35
2016-04-04,46
2016-04-05,29
2016-04-06,21
2016-04-07,27
2016-04-08,23
2016-04-09,41
2016-04-10,17
2016-04-11,16
2016-04-12,23
2016-04-13,22
2016-04-14,51
2016-04-15,41
2016-04-16,35
2016-04-17,33
2016-04-18,46
2016-04-19,43
2016-04-20,84
2016-04-21,53
2016-04-22,36
2016-04-23,27
2016-04-24,24
2016-04-25,23
2016-04-26,35
2016-04-27,44
2016-04-28,44
2016-04-29,34
2016-04-30,37
2016-05-01,38
2016-05-02,55
2016-05-03,64
2016-05-04,94
2016-05-05,106
2016-05-06,84
2016-05-07,68
2016-05-08,115
2016-05-09,72
2016-05-10,76
2016-05-11,44
2016-05-12,48
2016-05-13,56
2016-05-14,35
2016-05-15,43
2016-05-16,35
2016-05-17,27
2016-05-18,24
2016-05-19,17
2016-05-20,45
2016-05-21,20
2016-05-22,31
2016-05-23,24
2016-05-24,53
2016-05-25,49
2016-05-26,40
2016-05-27,85
2016-05-28,33
2016-05-29,64
2016-05-30,63
2016-05-31,77
2016-06-01,93
2016-06-02,50
2016-06-03,86
2016-06-04,99
2016-06-05,94
2016-06-06,67
2016-06-07,60
2016-06-08,34
2016-06-09,38
2016-06-10,23
2016-06-11,32
2016-06-12,27
2016-06-13,37
2016-06-14,107
2016-06-15,0
2016-06-16,27
2016-06-17,17
2016-06-18,29
2016-06-19,38
2016-06-20,32
2016-06-21,33
2016-06-22,48
2016-06-23,33
2016-06-24,39
2016-06-25,21
2016-06-26,49
2016-06-27,32
2016-06-28,17
2016-06-29,17
2016-06-30,15
2016-07-01,20
2016-07-02,49
2016-07-03,69
2016-07-04,27
2016-07-05,38
2016-07-06,60
2016-07-07,45
2016-07-08,13
2016-07-09,45
2016-07-10,39
2016-07-11,60
2016-07-12,90
2016-07-13,33
2016-07-14,26
2016-07-15,10
2016-07-16,50
2016-07-17,21
2016-07-18,66
2016-07-19,37
2016-07-20,29
2016-07-21,29
2016-07-22,25
2016-07-23,33
2016-07-24,29
2016-07-25,25
2016-07-26,50
2016-07-27,25
2016-07-28,28
2016-07-29,59
2016-07-30,23
2016-07-31,21
2016-08-01,19
2016-08-02,23
2016-08-03,30
2016-08-04,21
2016-08-05,32
2016-08-06,25
2016-08-07,20
2016-08-08,37
2016-08-09,40
2016-08-10,65
2016-08-11,33
2016-08-12,43
2016-08-13,47
2016-08-14,25
2016-08-15,43
2016-08-16,52
2016-08-17,24
2016-08-18,47
2016-08-19,39
2016-08-20,25
2016-08-21,36
2016-08-22,44
2016-08-23,40
2016-08-24,29
2016-08-25,38
2016-08-26,87
2016-08-27,33
2016-08-28,30
2016-08-29,30
2016-08-30,35
2016-08-31,59
2016-09-01,28
2016-09-02,55
2016-09-03,19
2016-09-04,84
2016-09-05,37
2016-09-06,50
2016-09-07,35
2016-09-08,64
2016-09-09,47
2016-09-10,67
2016-09-11,41
2016-09-12,41
2016-09-13,48
2016-09-14,85
2016-09-15,110
2016-09-16,94
2016-09-17,105
2016-09-18,150
2016-09-19,74
2016-09-20,58
2016-09-21,68
2016-09-22,48
2016-09-23,92
2016-09-24,66
2016-09-25,97
2016-09-26,52
2016-09-27,58
2016-09-28,50
2016-09-29,34
2016-09-30,88
2016-10-01,34
2016-10-02,74
2016-10-03,51
2016-10-04,43
2016-10-05,32
2016-10-06,43
2016-10-07,66
2016-10-08,78
2016-10-09,42
2016-10-10,63
2016-10-11,31
2016-10-12,68
2016-10-13,66
2016-10-14,72
2016-10-15,47
2016-10-16,61
2016-10-17,61
2016-10-18,71
2016-10-19,52
2016-10-20,62
2016-10-21,35
2016-10-22,32
2016-10-23,68
2016-10-24,81
2016-10-25,47
2016-10-26,33
2016-10-27,38
2016-10-28,40
2016-10-29,65
2016-10-30,134
2016-10-31,75
2016-11-01,34
2016-11-02,75
2016-11-03,53
2016-11-04,161
2016-11-05,39
2016-11-06,26
2016-11-07,44
2016-11-08,25
2016-11-09,27
2016-11-10,30
2016-11-11,23
2016-11-12,33
2016-11-13,60
2016-11-14,26
2016-11-15,29
2016-11-16,27
2016-11-17,26
2016-11-18,17
2016-11-19,16
2016-11-20,23
2016-11-21,52
2016-11-22,36
2016-11-23,47
2016-11-24,43
2016-11-25,145
2016-11-26,29
2016-11-27,28
2016-11-28,36
2016-11-29,25
2016-11-30,110
2016-12-01,22
2016-12-02,34
2016-12-03,63
2016-12-04,24
2016-12-05,35
2016-12-06,60
2016-12-07,32
2016-12-08,37
2016-12-09,62
2016-12-10,43
2016-12-11,29
2016-12-12,66
2016-12-13,74
2016-12-14,94
2016-12-15,63
2016-12-16,56
2016-12-17,36
2016-12-18,45
2016-12-19,51
2016-12-20,35
2016-12-21,43
2016-12-22,29
2016-12-23,21
2016-12-24,62
2016-12-25,76
2016-12-26,60
2016-12-27,62
2016-12-28,90
2016-12-29,59
2016-12-30,105
2016-12-31,51
2017-01-01,38
2017-01-02,71
2017-01-03,63
2017-01-04,44
2017-01-05,59
2017-01-06,31
2017-01-07,76
2017-01-08,85
2017-01-09,80
2017-01-10,75
2017-01-11,101
2017-01-12,58
2017-01-13,81
2017-01-14,87
2017-01-15,38
2017-01-16,66
2017-01-17,104
2017-01-18,63
2017-01-19,95
2017-01-20,55
2017-01-21,23
2017-01-22,74
2017-01-23,25
2017-01-24,35
2017-01-25,77
2017-01-26,143
2017-01-27,38
2017-01-28,41
2017-01-29,54
2017-01-30,59
2017-01-31,39
2017-02-01,50
2017-02-02,65
2017-02-03,49
2017-02-04,29
2017-02-05,34
2017-02-06,43
2017-02-07,64
2017-02-08,55
2017-02-09,33
2017-02-10,45
2017-02-11,41
2017-02-12,50
2017-02-13,35
2017-02-14,57
2017-02-15,61
2017-02-16,66
2017-02-17,38
2017-02-18,26
2017-02-19,59
2017-02-20,52
2017-02-21,76
2017-02-22,35
2017-02-23,45
2017-02-24,45
2017-02-25,34
2017-02-26,56
2017-02-27,41
2017-02-28,71
2017-03-01,71
2017-03-02,76
2017-03-03,92
2017-03-04,40
2017-03-05,109
2017-03-06,71
2017-03-07,47
2017-03-08,45
2017-03-09,48
2017-03-10,102
2017-03-11,71
2017-03-12,81
2017-03-13,44
2017-03-14,50
2017-03-15,42
2017-03-16,79
2017-03-17,40
2017-03-18,62
2017-03-19,82
2017-03-20,37
2017-03-21,27
2017-03-22,26
2017-03-23,48
2017-03-24,71
2017-03-25,58
2017-03-26,84
2017-03-27,101
2017-03-28,166
2017-03-29,211
2017-03-30,129
2017-03-31,100
2017-04-01,111
2017-04-02,56
2017-04-03,86
2017-04-04,88
2017-04-05,56
2017-04-06,88
2017-04-07,102
2017-04-08,78
2017-04-09,65
2017-04-10,36
2017-04-11,36
2017-04-12,36
2017-04-13,53
2017-04-14,45
2017-04-15,30
2017-04-16,21
2017-04-17,27
2017-04-18,25
2017-04-19,36
2017-04-20,53
2017-04-21,90
2017-04-22,83
2017-04-23,70
2017-04-24,33
2017-04-25,51
2017-04-26,104
2017-04-27,54
2017-04-28,42
2017-04-29,51
2017-04-30,84
2017-05-01,116
2017-05-02,247
2017-05-03,132
2017-05-04,107
2017-05-05,133
2017-05-06,137
2017-05-07,113
2017-05-08,105
2017-05-09,40
2017-05-10,33
2017-05-11,28
2017-05-12,42
2017-05-13,58
2017-05-14,46
2017-05-15,32
2017-05-16,40
2017-05-17,48
2017-05-18,41
2017-05-19,34
2017-05-20,36
2017-05-21,32
2017-05-22,25
2017-05-23,13
2017-05-24,42
2017-05-25,87
2017-05-26,66
2017-05-27,51
2017-05-28,52
2017-05-29,32
2017-05-30,42
2017-05-31,55
2017-06-01,26
2017-06-02,30
2017-06-03,41
2017-06-04,81
2017-06-05,27
2017-06-06,45
2017-06-07,72
2017-06-08,32
2017-06-09,9
2017-06-10,20
2017-06-11,25
2017-06-12,0
2017-06-13,0
2017-06-14,0
2017-06-15,0
2017-06-16,0
2017-06-17,0
2017-06-18,0
2017-06-19,0
2017-06-20,0
2017-06-21,0
2017-06-22,0
2017-06-23,0
2017-06-24,0
2017-06-25,0
2017-06-26,0
2017-06-27,0
2017-06-28,0
2017-06-29,0
2017-06-30,0
2017-07-01,0
2017-07-02,0
2017-07-03,0
2017-07-04,0
2017-07-05,8
2017-07-06,22
2017-07-07,33
2017-07-08,23
2017-07-09,54
2017-07-10,56
2017-07-11,27
2017-07-12,66
2017-07-13,31
2017-07-14,13
2017-07-15,8
2017-07-16,36
2017-07-17,34
2017-07-18,48
2017-07-19,35
2017-07-20,45
2017-07-21,45
2017-07-22,74
2017-07-23,18
2017-07-24,60
2017-07-25,60
2017-07-26,84
2017-07-27,51
2017-07-28,55
2017-07-29,57
2017-07-30,22
2017-07-31,37
2017-08-01,42
2017-08-02,44
2017-08-03,31
2017-08-04,34
2017-08-05,66
2017-08-06,69
2017-08-07,59
2017-08-08,72
2017-08-09,36
2017-08-10,36
2017-08-11,62
2017-08-12,26
2017-08-13,11
2017-08-14,22
2017-08-15,50
2017-08-16,45
2017-08-17,43
2017-08-18,40
2017-08-19,20
2017-08-20,83
2017-08-21,70
2017-08-22,43
2017-08-23,39
2017-08-24,60
2017-08-25,53
2017-08-26,18
2017-08-27,41
2017-08-28,77
2017-08-29,55
2017-08-30,68
2017-08-31,25
2017-09-01,75
2017-09-02,85
2017-09-03,28
2017-09-04,35
2017-09-05,23
2017-09-06,24
2017-09-07,27
2017-09-08,64
2017-09-09,59
2017-09-10,54
2017-09-11,23
2017-09-12,62
2017-09-13,93
2017-09-14,25
2017-09-15,14
2017-09-16,16
2017-09-17,64
2017-09-18,115
2017-09-19,33
2017-09-20,46
2017-09-21,44
2017-09-22,49
2017-09-23,44
2017-09-24,46
2017-09-25,30
2017-09-26,31
2017-09-27,20
2017-09-28,17
2017-09-29,31
2017-09-30,44
2017-10-01,29
2017-10-02,42
2017-10-03,116
2017-10-04,31
2017-10-05,35
2017-10-06,92
2017-10-07,52
2017-10-08,71
2017-10-09,71
2017-10-10,225
2017-10-11,84
2017-10-12,98
2017-10-13,45
2017-10-14,61
2017-10-15,54
2017-10-16,133
2017-10-17,95
2017-10-18,80
2017-10-19,110
2017-10-20,75
2017-10-21,77
2017-10-22,43
2017-10-23,34
2017-10-24,57
2017-10-25,34
2017-10-26,35
2017-10-27,27
2017-10-28,27
2017-10-29,111
2017-10-30,20
2017-10-31,27
2017-11-01,53
2017-11-02,36
2017-11-03,16
2017-11-04,24
2017-11-05,53
2017-11-06,71
2017-11-07,71
2017-11-08,97
2017-11-09,67
2017-11-10,53
2017-11-11,22
2017-11-12,50
2017-11-13,46
2017-11-14,53
2017-11-15,31
2017-11-16,25
2017-11-17,48
2017-11-18,47
2017-11-19,43
2017-11-20,42
2017-11-21,48
2017-11-22,74
2017-11-23,91
2017-11-24,19
2017-11-25,31
2017-11-26,26
2017-11-27,25
2017-11-28,30
2017-11-29,37
2017-11-30,52
2017-12-01,38
2017-12-02,34
2017-12-03,31
2017-12-04,51
2017-12-05,42
2017-12-06,42
2017-12-07,33
2017-12-08,20
2017-12-09,30
2017-12-10,42
2017-12-11,44
2017-12-12,17
2017-12-13,27
2017-12-14,86
2017-12-15,43
2017-12-16,102
2017-12-17,94
2017-12-18,51
2017-12-19,46
2017-12-20,26
2017-12-21,39
2017-12-22,33
2017-12-23,82
2017-12-24,36
2017-12-25,49
2017-12-26,26
2017-12-27,33
2017-12-28,34
2017-12-29,27
2017-12-30,41
2017-12-31,55
2018-01-01,78
2018-01-02,45
2018-01-03,37
2018-01-04,22
2018-01-05,16
2018-01-06,82
2018-01-07,66
2018-01-08,43
2018-01-09,76
2018-01-10,42
2018-01-11,75
2018-01-12,70
2018-01-13,34
2018-01-14,110
2018-01-15,156
2018-01-16,103
2018-01-17,48
2018-01-18,29
2018-01-19,39
2018-01-20,75
2018-01-21,44
2018-01-22,25
2018-01-23,54
2018-01-24,26
2018-01-25,123
2018-01-26,113
2018-01-27,35
2018-01-28,15
2018-01-29,48
2018-01-30,57
2018-01-31,27
2018-02-01,40
2018-02-02,26
2018-02-03,34
2018-02-04,11
2018-02-05,13
2018-02-06,27
2018-02-07,26
2018-02-08,55
2018-02-09,35
2018-02-10,29
2018-02-11,65
2018-02-12,68
2018-02-13,22
2018-02-14,31
2018-02-15,17
2018-02-16,19
2018-02-17,28
2018-02-18,52
2018-02-19,22
2018-02-20,75
2018-02-21,14
2018-02-22,24
2018-02-23,42
2018-02-24,75
2018-02-25,69
2018-02-26,38
2018-02-27,42
2018-02-28,64
2018-03-01,53
2018-03-02,33
2018-03-03,27
2018-03-04,28
2018-03-05,57
2018-03-06,34
2018-03-07,12
2018-03-08,13
2018-03-09,18
2018-03-10,24
2018-03-11,33
2018-03-12,63
2018-03-13,65
2018-03-14,25
2018-03-15,51
2018-03-16,64
2018-03-17,40
2018-03-18,46
2018-03-19,38
2018-03-20,26
2018-03-21,48
2018-03-22,52
2018-03-23,86
2018-03-24,29
2018-03-25,32
2018-03-26,59
2018-03-27,36
2018-03-28,26
2018-03-29,38
2018-03-30,14
2018-03-31,21
2018-04-01,17
2018-04-02,16
2018-04-03,34
2018-04-04,26
2018-04-05,18
2018-04-06,25
2018-04-07,21
2018-04-08,23
2018-04-09,51
2018-04-10,32
2018-04-11,53
2018-04-12,124
2018-04-13,29
2018-04-14,14
2018-04-15,22
2018-04-16,47
2018-04-17,35
2018-04-18,53
2018-04-19,31
2018-04-20,31
2018-04-21,78
2018-04-22,9
2018-04-23,25
2018-04-24,56
2018-04-25,35
2018-04-26,22
2018-04-27,23
2018-04-28,27
2018-04-29,64
2018-04-30,78
2018-05-01,22
2018-05-02,16
2018-05-03,51
2018-05-04,73
2018-05-05,47
2018-05-06,28
2018-05-07,38
2018-05-08,41
2018-05-09,34
2018-05-10,26
2018-05-11,26
2018-05-12,11
2018-05-13,38
2018-05-14,58
2018-05-15,68
2018-05-16,41
2018-05-17,47
2018-05-18,22
2018-05-19,26
2018-05-20,35
2018-05-21,9
2018-05-22,44
2018-05-23,38
2018-05-24,58
2018-05-25,24
2018-05-26,28
2018-05-27,21
2018-05-28,14
2018-05-29,32
2018-05-30,32
2018-05-31,29
2018-06-01,16
2018-06-02,21
2018-06-03,28
2018-06-04,25
2018-06-05,37
2018-06-06,33
2018-06-07,28
2018-06-08,40
2018-06-09,90
2018-06-10,84
2018-06-11,80
2018-06-12,17
2018-06-13,16
2018-06-14,2
2018-06-15,40
2018-06-16,61
2018-06-17,59
2018-06-18,27
2018-06-19,43
2018-06-20,39
2018-06-21,29
2018-06-22,38
2018-06-23,17
2018-06-24,30
2018-06-25,30
2018-06-26,20
2018-06-27,38
2018-06-28,48
2018-06-29,46
2018-06-30,49
